{
    "root_group": {
        "name": "",
        "path": "",
        "id": "d41d8cd98f00b204e9800998ecf8427e",
        "groups": {},
        "checks": {
                "status is 200": {
                    "passes": 1196088,
                    "fails": 340005,
                    "name": "status is 200",
                    "path": "::status is 200",
                    "id": "6210a8cd14cd70477eba5c5e4cb3fb5f"
                }
            }
    },
    "metrics": {
        "vus_max": {
            "min": 10000,
            "max": 29080,
            "value": 29080
        },
        "vus": {
            "value": 5456,
            "min": 2,
            "max": 29009
        },
        "checks": {
            "passes": 1196088,
            "fails": 340005,
            "value": 0.7786559798137223
        },
        "http_reqs": {
            "count": 1536093,
            "rate": 6309.2846379157145
        },
        "dropped_iterations": {
            "count": 1589406,
            "rate": 6528.260241542058
        },
        "http_req_connecting": {
            "min": 0,
            "med": 0,
            "max": 48.772291,
            "p(95)": 0,
            "p(99)": 0.16273860000000895,
            "avg": 0.02388353449237776
        },
        "http_req_tls_handshaking": {
            "p(95)": 0,
            "p(99)": 0,
            "avg": 0,
            "min": 0,
            "med": 0,
            "max": 0
        },
        "http_req_receiving": {
            "avg": 0.14093105588007426,
            "min": 0,
            "med": 0.013305,
            "max": 533.258491,
            "p(95)": 0.103987,
            "p(99)": 1.5409684800000023
        },
        "data_received": {
            "count": 255962832,
            "rate": 1051331.1132952243
        },
        "http_req_sending": {
            "min": 0,
            "med": 0.005601,
            "max": 428.727703,
            "p(95)": 0.018595,
            "p(99)": 0.18103480000000075,
            "avg": 0.07391113835815713
        },
        "data_sent": {
            "count": 83726160,
            "rate": 343893.35481619486
        },
        "requests_issued": {
            "count": 1536093,
            "rate": 6309.2846379157145
        },
        "http_req_waiting": {
            "avg": 3178.9392555584227,
            "min": 0,
            "med": 3783.643586,
            "max": 7328.869014,
            "p(95)": 6137.9160498,
            "p(99)": 6298.0897282000005
        },
        "iterations": {
            "count": 1536093,
            "rate": 6309.2846379157145
        },
        "http_req_failed": {
            "fails": 1196088,
            "passes": 340005,
            "value": 0.22134402018627777
        },
        "http_req_duration": {
            "max": 7328.889142,
            "p(95)": 6138.4972406,
            "p(99)": 6298.54021808,
            "avg": 3179.1540977527243,
            "min": 0,
            "med": 3783.827695
        },
        "iteration_duration": {
            "avg": 3231.770042625849,
            "min": 1.851345,
            "med": 3830.572185,
            "max": 7337.175027,
            "p(95)": 6212.866694599999,
            "p(99)": 6383.6354148
        },
        "http_req_duration{expected_response:true}": {
            "avg": 4082.873798148026,
            "min": 1.808665,
            "med": 5613.3968215,
            "max": 7328.889142,
            "p(95)": 6169.0371681,
            "p(99)": 6317.33252062
        },
        "http_req_blocked": {
            "avg": 0.033045418152424996,
            "min": 0,
            "med": 0.002334,
            "max": 310.646381,
            "p(95)": 0.004598,
            "p(99)": 0.8889258400000911
        }
    }
}