{
    "root_group": {
        "checks": {
            "status is 200": {
                "fails": 1203700,
                "name": "status is 200",
                "path": "::status is 200",
                "id": "6210a8cd14cd70477eba5c5e4cb3fb5f",
                "passes": 411479
            }
        },
        "name": "",
        "path": "",
        "id": "d41d8cd98f00b204e9800998ecf8427e",
        "groups": {}
    },
    "metrics": {
        "http_req_duration{expected_response:true}": {
            "med": 353.506805,
            "max": 59804.9541,
            "p(95)": 18006.145522499977,
            "p(99)": 38860.23606783997,
            "avg": 3696.4135641457838,
            "min": 1.707653
        },
        "http_req_blocked": {
            "avg": 261.76962710241196,
            "min": 0,
            "med": 3.039863,
            "max": 19756.622581,
            "p(95)": 1264.1916703999998,
            "p(99)": 3113.7743175999994
        },
        "http_req_tls_handshaking": {
            "min": 0,
            "med": 0,
            "max": 0,
            "p(95)": 0,
            "p(99)": 0,
            "avg": 0
        },
        "http_req_sending": {
            "avg": 8.401652412907428,
            "min": 0,
            "med": 0.06332,
            "max": 9455.311927,
            "p(95)": 12.968157999999999,
            "p(99)": 67.23128183999982
        },
        "checks": {
            "passes": 411479,
            "fails": 1203700,
            "value": 0.2547575222312821
        },
        "requests_issued": {
            "count": 1616174,
            "rate": 5985.300340099248
        },
        "http_reqs": {
            "rate": 5981.615480771974,
            "count": 1615179
        },
        "http_req_receiving": {
            "avg": 0.5449830399732726,
            "min": 0,
            "med": 0,
            "max": 562.197299,
            "p(95)": 2.2452319999999886,
            "p(99)": 11.671510079999953
        },
        "http_req_connecting": {
            "avg": 252.56202241359156,
            "min": 0,
            "med": 2.272876,
            "max": 19756.602954,
            "p(95)": 1219.1739558999984,
            "p(99)": 3109.5950789
        },
        "vus": {
            "value": 1093,
            "min": 2,
            "max": 29510
        },
        "vus_max": {
            "value": 29512,
            "min": 10000,
            "max": 29512
        },
        "http_req_duration": {
            "p(95)": 13268.632499899995,
            "p(99)": 60000.09114064,
            "avg": 2997.944407504905,
            "min": 0,
            "med": 608.13176,
            "max": 60920.110532
        },
        "iteration_duration": {
            "med": 762.439718,
            "max": 61280.591461,
            "p(95)": 13676.373906999996,
            "p(99)": 60017.11564494,
            "avg": 3294.7235076732895,
            "min": 0.227813
        },
        "http_req_waiting": {
            "med": 601.973245,
            "max": 60914.276363,
            "p(95)": 13261.245784399998,
            "p(99)": 59999.70492088,
            "avg": 2988.997772051897,
            "min": 0
        },
        "http_req_failed": {
            "passes": 1203700,
            "fails": 411479,
            "value": 0.7452424777687179
        },
        "data_received": {
            "count": 229287329,
            "rate": 849137.2390869723
        },
        "dropped_iterations": {
            "count": 1035543,
            "rate": 3835.005308888397
        },
        "data_sent": {
            "rate": 388280.29339210305,
            "count": 104844950
        },
        "iterations": {
            "count": 1615179,
            "rate": 5981.615480771974
        }
    }
}