{
    "metrics": {
        "http_req_receiving": {
            "p(99)": 12.655914919999905,
            "avg": 0.621170626279115,
            "min": 0,
            "med": 0,
            "max": 1042.16415,
            "p(95)": 2.491778999999982
        },
        "http_req_failed": {
            "passes": 1302486,
            "fails": 300103,
            "value": 0.812738637292531
        },
        "http_req_sending": {
            "avg": 10.314377237161525,
            "min": 0,
            "med": 0.080182,
            "max": 8067.562417,
            "p(95)": 13.848157999999987,
            "p(99)": 80.47777507999716
        },
        "http_reqs": {
            "count": 1602589,
            "rate": 5934.769693555417
        },
        "data_received": {
            "count": 4416855483,
            "rate": 16356670.401033873
        },
        "http_req_tls_handshaking": {
            "p(99)": 0,
            "avg": 0,
            "min": 0,
            "med": 0,
            "max": 0,
            "p(95)": 0
        },
        "dropped_iterations": {
            "count": 1340626,
            "rate": 4964.658159510906
        },
        "vus_max": {
            "value": 29705,
            "min": 10000,
            "max": 29705
        },
        "requests_issued": {
            "rate": 5942.2391261247785,
            "count": 1604606
        },
        "http_req_duration{expected_response:true}": {
            "p(95)": 20210.63527169999,
            "p(99)": 40440.93010099993,
            "avg": 5187.630495795277,
            "min": 2.510857,
            "med": 898.414658,
            "max": 59994.60928
        },
        "data_sent": {
            "count": 125676665,
            "rate": 465410.69645998866
        },
        "http_req_blocked": {
            "avg": 270.77154204308465,
            "min": 0,
            "med": 4.28731,
            "max": 11370.94123,
            "p(95)": 1712.627355799988,
            "p(99)": 3113.5589917599996
        },
        "http_req_connecting": {
            "max": 11218.616598,
            "p(95)": 1285.2464641999995,
            "p(99)": 3106.4155686399995,
            "avg": 255.31149826851345,
            "min": 0,
            "med": 3.122749
        },
        "http_req_waiting": {
            "avg": 3128.778194052313,
            "min": 0,
            "med": 804.717723,
            "max": 61033.921004,
            "p(95)": 13218.313956599986,
            "p(99)": 60000.82940784
        },
        "iteration_duration": {
            "avg": 3459.1094592348154,
            "min": 0.197675,
            "med": 999.967961,
            "max": 61123.712114,
            "p(95)": 13729.768269599992,
            "p(99)": 60024.937915559996
        },
        "vus": {
            "value": 2018,
            "min": 2,
            "max": 29618
        },
        "http_req_duration": {
            "p(99)": 60001.132327240004,
            "avg": 3139.7137419159635,
            "min": 0,
            "med": 814.411038,
            "max": 61034.388181,
            "p(95)": 13237.944680199993
        },
        "checks": {
            "passes": 300103,
            "fails": 1302486,
            "value": 0.187261362707469
        },
        "iterations": {
            "count": 1602589,
            "rate": 5934.769693555417
        }
    },
    "root_group": {
        "groups": {},
        "checks": {
                "status is 200": {
                    "name": "status is 200",
                    "path": "::status is 200",
                    "id": "6210a8cd14cd70477eba5c5e4cb3fb5f",
                    "passes": 300103,
                    "fails": 1302486
                }
            },
        "name": "",
        "path": "",
        "id": "d41d8cd98f00b204e9800998ecf8427e"
    }
}