{
    "root_group": {
        "groups": {},
        "checks": {
                "status is 200": {
                    "name": "status is 200",
                    "path": "::status is 200",
                    "id": "6210a8cd14cd70477eba5c5e4cb3fb5f",
                    "passes": 4897451,
                    "fails": 0
                }
            },
        "name": "",
        "path": "",
        "id": "d41d8cd98f00b204e9800998ecf8427e"
    },
    "metrics": {
        "iterations": {
            "count": 4897451,
            "rate": 20354.799616943106
        },
        "http_req_connecting": {
            "avg": 0.004535487228764507,
            "min": 0,
            "med": 0,
            "max": 25.530674,
            "p(95)": 0,
            "p(99)": 0
        },
        "data_sent": {
            "rate": 1424835.9731860175,
            "count": 342821570
        },
        "http_reqs": {
            "rate": 20354.799616943106,
            "count": 4897451
        },
        "http_req_duration{expected_response:true}": {
            "med": 0.447911,
            "max": 808.027478,
            "p(95)": 589.7015435,
            "p(99)": 698.1858119999999,
            "avg": 101.16872413473563,
            "min": 0.202525
        },
        "checks": {
            "passes": 4897451,
            "fails": 0,
            "value": 1
        },
        "vus": {
            "value": 26221,
            "min": 0,
            "max": 26221
        },
        "http_req_failed": {
            "passes": 0,
            "fails": 4897451,
            "value": 0
        },
        "dropped_iterations": {
            "count": 206771,
            "rate": 859.3822116025138
        },
        "http_req_blocked": {
            "p(99)": 0.0089015,
            "avg": 0.0073689655624938726,
            "min": 0.000401,
            "med": 0.002084,
            "max": 74.458097,
            "p(95)": 0.003446
        },
        "vus_max": {
            "value": 26254,
            "min": 10000,
            "max": 26254
        },
        "http_req_sending": {
            "max": 69.884512,
            "p(95)": 0.029045,
            "p(99)": 0.206823,
            "avg": 0.018336452650776384,
            "min": 0.001914,
            "med": 0.005149
        },
        "http_req_duration": {
            "min": 0.202525,
            "med": 0.447911,
            "max": 808.027478,
            "p(95)": 589.7015435,
            "p(99)": 698.1858119999999,
            "avg": 101.16872413473563
        },
        "http_req_waiting": {
            "med": 0.356056,
            "max": 802.962469,
            "p(95)": 588.8936945,
            "p(99)": 697.561481,
            "avg": 100.77465081825969,
            "min": 0.151969
        },
        "iteration_duration": {
            "min": 0.227031,
            "med": 0.497455,
            "max": 944.093569,
            "p(95)": 597.9385055,
            "p(99)": 720.505302,
            "avg": 103.22715273958782
        },
        "http_req_receiving": {
            "min": 0.004639,
            "med": 0.073319,
            "max": 72.20586,
            "p(95)": 1.500164,
            "p(99)": 6.945785000000001,
            "avg": 0.37573686382060245
        },
        "data_received": {
            "count": 1141106083,
            "rate": 4742668.310747744
        },
        "http_req_tls_handshaking": {
            "max": 0,
            "p(95)": 0,
            "p(99)": 0,
            "avg": 0,
            "min": 0,
            "med": 0
        },
        "requests_issued": {
            "count": 4897451,
            "rate": 20354.799616943106
        }
    }
}