{
    "root_group": {
        "name": "",
        "path": "",
        "id": "d41d8cd98f00b204e9800998ecf8427e",
        "groups": {},
        "checks": {
                "status is 200": {
                    "name": "status is 200",
                    "path": "::status is 200",
                    "id": "6210a8cd14cd70477eba5c5e4cb3fb5f",
                    "passes": 907633,
                    "fails": 254937
                }
            }
    },
    "metrics": {
        "http_reqs": {
            "count": 1162570,
            "rate": 4729.465600167229
        },
        "http_req_duration{expected_response:true}": {
            "max": 9294.715907,
            "p(95)": 7758.7387208,
            "p(99)": 7965.625153319999,
            "avg": 5834.954298418329,
            "min": 2.807601,
            "med": 7268.454683
        },
        "http_req_waiting": {
            "max": 9294.661103,
            "p(95)": 7726.490569750001,
            "p(99)": 7918.5057726000005,
            "avg": 4554.798104714039,
            "min": 0,
            "med": 7020.907352
        },
        "http_req_blocked": {
            "avg": 0.0560564789010591,
            "min": 0,
            "med": 0.002505,
            "max": 539.761646,
            "p(95)": 0.005631,
            "p(99)": 1.6138050000000057
        },
        "http_req_sending": {
            "avg": 0.12203783719260132,
            "min": 0,
            "med": 0.005961,
            "max": 768.413044,
            "p(95)": 0.021802,
            "p(99)": 0.23176410000000613
        },
        "data_sent": {
            "count": 77148805,
            "rate": 313850.0213677538
        },
        "vus_max": {
            "value": 29142,
            "min": 10000,
            "max": 29142
        },
        "dropped_iterations": {
            "count": 2618773,
            "rate": 10653.463290938813
        },
        "checks": {
            "passes": 907633,
            "fails": 254937,
            "value": 0.7807125592437445
        },
        "http_req_failed": {
            "passes": 254937,
            "fails": 907633,
            "value": 0.21928744075625553
        },
        "iteration_duration": {
            "min": 2.899195,
            "med": 7096.6933195,
            "max": 9313.709035,
            "p(95)": 7829.8468325,
            "p(99)": 8103.22336082,
            "avg": 4640.700140286825
        },
        "http_req_tls_handshaking": {
            "max": 0,
            "p(95)": 0,
            "p(99)": 0,
            "avg": 0,
            "min": 0,
            "med": 0
        },
        "vus": {
            "value": 187,
            "min": 2,
            "max": 29125
        },
        "http_req_duration": {
            "med": 7021.595984,
            "max": 9294.715907,
            "p(95)": 7727.724910999999,
            "p(99)": 7921.65522455,
            "avg": 4555.422103388461,
            "min": 0
        },
        "data_received": {
            "count": 12925601553,
            "rate": 52582801.81527273
        },
        "http_req_connecting": {
            "p(99)": 1.4258866000000032,
            "avg": 0.037098592740222106,
            "min": 0,
            "med": 0,
            "max": 283.869828,
            "p(95)": 0
        },
        "requests_issued": {
            "count": 1162570,
            "rate": 4729.465600167229
        },
        "http_req_receiving": {
            "max": 1249.821297,
            "p(95)": 0.17714655000000004,
            "p(99)": 3.97192821000005,
            "avg": 0.5019608371141824,
            "min": 0,
            "med": 0.019467
        },
        "iterations": {
            "count": 1162570,
            "rate": 4729.465600167229
        }
    }
}