{
    "metrics": {
        "iteration_duration": {
            "max": 5076.448193,
            "p(95)": 4214.1521993999995,
            "p(99)": 4382.17122396,
            "avg": 2239.6079856365714,
            "min": 1.26348,
            "med": 2678.136412
        },
        "data_received": {
            "count": 23737449770,
            "rate": 97926805.55537024
        },
        "iterations": {
            "count": 1973053,
            "rate": 8139.660298539304
        },
        "http_reqs": {
            "count": 1973053,
            "rate": 8139.660298539304
        },
        "http_req_sending": {
            "min": 0,
            "med": 0.006092,
            "max": 376.201527,
            "p(95)": 0.021201,
            "p(99)": 0.24837547999999904,
            "avg": 0.06751737857269881
        },
        "dropped_iterations": {
            "count": 1100271,
            "rate": 4539.07329216911
        },
        "http_req_failed": {
            "passes": 310883,
            "fails": 1662170,
            "value": 0.1575644445435576
        },
        "http_req_duration": {
            "med": 2670.999078,
            "max": 4543.060191,
            "p(95)": 4172.7002094,
            "p(99)": 4326.23187248,
            "avg": 2211.3439373656283,
            "min": 0
        },
        "http_req_tls_handshaking": {
            "max": 0,
            "p(95)": 0,
            "p(99)": 0,
            "avg": 0,
            "min": 0,
            "med": 0
        },
        "checks": {
            "passes": 1662170,
            "fails": 310883,
            "value": 0.8424355554564423
        },
        "data_sent": {
            "count": 141284450,
            "rate": 582856.8358102704
        },
        "http_req_blocked": {
            "avg": 0.03368045002288625,
            "min": 0,
            "med": 0.002615,
            "max": 391.010048,
            "p(95)": 0.004919,
            "p(99)": 0.15801959999999962
        },
        "http_req_waiting": {
            "avg": 2211.0686129167993,
            "min": 0,
            "med": 2670.844835,
            "max": 4464.147471,
            "p(95)": 4172.001904000001,
            "p(99)": 4325.6855782
        },
        "vus": {
            "value": 6891,
            "min": 1,
            "max": 28804
        },
        "http_req_connecting": {
            "med": 0,
            "max": 64.745084,
            "p(95)": 0,
            "p(99)": 0.060485,
            "avg": 0.0222362755257969,
            "min": 0
        },
        "http_req_receiving": {
            "max": 620.26157,
            "p(95)": 0.278439,
            "p(99)": 2.548023679999991,
            "avg": 0.20780707009029928,
            "min": 0,
            "med": 0.02619
        },
        "requests_issued": {
            "count": 1973053,
            "rate": 8139.660298539304
        },
        "http_req_duration{expected_response:true}": {
            "med": 3838.1047879999996,
            "max": 4543.060191,
            "p(95)": 4188.113504999999,
            "p(99)": 4336.245263610001,
            "avg": 2624.9413655950143,
            "min": 1.194589
        },
        "vus_max": {
            "value": 28916,
            "min": 10000,
            "max": 28916
        }
    },
    "root_group": {
        "name": "",
        "path": "",
        "id": "d41d8cd98f00b204e9800998ecf8427e",
        "groups": {},
        "checks": {
                "status is 200": {
                    "path": "::status is 200",
                    "id": "6210a8cd14cd70477eba5c5e4cb3fb5f",
                    "passes": 1662170,
                    "fails": 310883,
                    "name": "status is 200"
                }
            }
    }
}