{
    "root_group": {
        "path": "",
        "id": "d41d8cd98f00b204e9800998ecf8427e",
        "groups": {},
        "checks": {
                "status is 200": {
                    "name": "status is 200",
                    "path": "::status is 200",
                    "id": "6210a8cd14cd70477eba5c5e4cb3fb5f",
                    "passes": 467902,
                    "fails": 1165916
                }
            },
        "name": ""
    },
    "metrics": {
        "http_req_tls_handshaking": {
            "med": 0,
            "max": 0,
            "p(95)": 0,
            "p(99)": 0,
            "avg": 0,
            "min": 0
        },
        "data_received": {
            "count": 241140111,
            "rate": 892996.1404333293
        },
        "dropped_iterations": {
            "count": 1566056,
            "rate": 5799.45807399275
        },
        "requests_issued": {
            "count": 1636813,
            "rate": 6061.487180832803
        },
        "http_req_blocked": {
            "min": 0,
            "med": 1.9467565,
            "max": 19558.46684,
            "p(95)": 2031.8217808999998,
            "p(99)": 3112.6098533400004,
            "avg": 260.8555818830593
        },
        "http_req_duration": {
            "p(99)": 60000.08580824,
            "avg": 2809.3241548596893,
            "min": 0,
            "med": 546.402692,
            "max": 60691.149112,
            "p(95)": 12000.029668149984
        },
        "http_req_receiving": {
            "avg": 0.5371252302814714,
            "min": 0,
            "med": 0.009327,
            "max": 348.763558,
            "p(95)": 2.220206,
            "p(99)": 11.452363300000002
        },
        "http_req_duration{expected_response:true}": {
            "avg": 3374.4457564588065,
            "min": 1.656705,
            "med": 307.3823015,
            "max": 59987.184513,
            "p(95)": 15461.328239449998,
            "p(99)": 35736.553870709984
        },
        "http_req_connecting": {
            "avg": 244.94564625842506,
            "min": 0,
            "med": 1.349698,
            "max": 19558.449967,
            "p(95)": 1280.34621815,
            "p(99)": 3108.6246812400004
        },
        "http_req_sending": {
            "med": 0.044675,
            "max": 19814.828602,
            "p(95)": 11.73779349999999,
            "p(99)": 101.65349925000093,
            "avg": 12.548507280820077,
            "min": 0
        },
        "checks": {
            "fails": 1165916,
            "passes": 467902,
            "value": 0.28638563169214687
        },
        "vus": {
            "min": 1,
            "max": 29650,
            "value": 2996
        },
        "http_req_waiting": {
            "p(99)": 59999.64685131,
            "avg": 2796.2385223486476,
            "min": 0,
            "med": 543.6800775,
            "max": 60691.142309,
            "p(95)": 11931.833135199999
        },
        "http_reqs": {
            "count": 1633818,
            "rate": 6050.396021301081
        },
        "http_req_failed": {
            "passes": 1165916,
            "fails": 467902,
            "value": 0.7136143683078532
        },
        "iterations": {
            "count": 1633818,
            "rate": 6050.396021301081
        },
        "iteration_duration": {
            "p(99)": 60007.60919453,
            "avg": 3106.1919466134145,
            "min": 0.232021,
            "med": 638.4460730000001,
            "max": 61011.90398,
            "p(95)": 12867.95817024996
        },
        "vus_max": {
            "min": 10000,
            "max": 29700,
            "value": 29700
        },
        "data_sent": {
            "count": 104792170,
            "rate": 388069.0067262734
        }
    }
}