{
    "root_group": {
        "checks": {
            "status is 200": {
                "name": "status is 200",
                "path": "::status is 200",
                "id": "6210a8cd14cd70477eba5c5e4cb3fb5f",
                "passes": 4187272,
                "fails": 68375
            }
        },
        "name": "",
        "path": "",
        "id": "d41d8cd98f00b204e9800998ecf8427e",
        "groups": {}
    },
    "metrics": {
        "iteration_duration": {
            "avg": 261.20778959839936,
            "min": 0.274421,
            "med": 1.414577,
            "max": 2055.576268,
            "p(95)": 1676.128494,
            "p(99)": 1840.75337388
        },
        "http_req_failed": {
            "passes": 68375,
            "fails": 4187272,
            "value": 0.016066887126681324
        },
        "data_received": {
            "count": 1067754360,
            "rate": 4434230.489509706
        },
        "dropped_iterations": {
            "count": 377930,
            "rate": 1569.4890057863151
        },
        "http_req_tls_handshaking": {
            "avg": 0,
            "min": 0,
            "med": 0,
            "max": 0,
            "p(95)": 0,
            "p(99)": 0
        },
        "vus": {
            "value": 107,
            "min": 1,
            "max": 28408
        },
        "vus_max": {
            "value": 28569,
            "min": 10000,
            "max": 28569
        },
        "http_req_duration": {
            "avg": 258.4260527697941,
            "min": 0,
            "med": 1.202183,
            "max": 2023.222436,
            "p(95)": 1651.1563910999996,
            "p(99)": 1825.42583824
        },
        "http_req_waiting": {
            "avg": 258.36624927349584,
            "min": 0,
            "med": 1.154032,
            "max": 2023.201206,
            "p(95)": 1650.928787,
            "p(99)": 1825.32425334
        },
        "iterations": {
            "count": 4255647,
            "rate": 17673.09072846166
        },
        "http_reqs": {
            "count": 4255647,
            "rate": 17673.09072846166
        },
        "http_req_sending": {
            "med": 0.005571,
            "max": 88.572524,
            "p(95)": 0.056797,
            "p(99)": 0.30558540000000034,
            "avg": 0.022876078761466422,
            "min": 0
        },
        "http_req_duration{expected_response:true}": {
            "avg": 262.6459556942124,
            "min": 0.248171,
            "med": 1.272897,
            "max": 2023.222436,
            "p(95)": 1654.5444294499998,
            "p(99)": 1826.1664017
        },
        "http_req_blocked": {
            "avg": 0.01133009593841073,
            "min": 0,
            "med": 0.002264,
            "max": 98.092694,
            "p(95)": 0.003717,
            "p(99)": 0.016311
        },
        "requests_issued": {
            "count": 4255647,
            "rate": 17673.09072846166
        },
        "http_req_receiving": {
            "avg": 0.0369274175348673,
            "min": 0,
            "med": 0.017052,
            "max": 74.333904,
            "p(95)": 0.050977,
            "p(99)": 0.4042729400000004
        },
        "data_sent": {
            "count": 293109040,
            "rate": 1217239.7422183508
        },
        "http_req_connecting": {
            "p(95)": 0,
            "p(99)": 0,
            "avg": 0.0075225017410983815,
            "min": 0,
            "med": 0,
            "max": 44.266735
        },
        "checks": {
            "passes": 4187272,
            "fails": 68375,
            "value": 0.9839331128733186
        }
    }
}