{
    "root_group": {
        "id": "d41d8cd98f00b204e9800998ecf8427e",
        "groups": {},
        "checks": {
                "status is 200": {
                    "fails": 1215912,
                    "name": "status is 200",
                    "path": "::status is 200",
                    "id": "6210a8cd14cd70477eba5c5e4cb3fb5f",
                    "passes": 260640
                }
            },
        "name": "",
        "path": ""
    },
    "metrics": {
        "iteration_duration": {
            "max": 60994.227754,
            "p(95)": 16182.138447149993,
            "p(99)": 60031.8313651,
            "avg": 3845.0756091108005,
            "min": 0.205561,
            "med": 1084.279846
        },
        "data_sent": {
            "count": 115129950,
            "rate": 426363.91985768924
        },
        "data_received": {
            "count": 3852863042,
            "rate": 14268413.990121083
        },
        "requests_issued": {
            "count": 1478205,
            "rate": 5474.277354877992
        },
        "iterations": {
            "count": 1476552,
            "rate": 5468.155754377647
        },
        "http_req_duration": {
            "p(99)": 60001.1598984,
            "avg": 3467.8625094790063,
            "min": 0,
            "med": 856.1966305,
            "max": 60703.918665,
            "p(95)": 15604.33975185
        },
        "vus": {
            "value": 2152,
            "min": 2,
            "max": 29553
        },
        "dropped_iterations": {
            "count": 1112607,
            "rate": 4120.348195939493
        },
        "http_req_blocked": {
            "avg": 333.7756695987276,
            "min": 0,
            "med": 6.031098999999999,
            "max": 19675.965916,
            "p(95)": 2075.6983204499998,
            "p(99)": 3302.141227869997
        },
        "http_req_sending": {
            "p(95)": 13.609499499999998,
            "p(99)": 54.59501101999986,
            "avg": 8.034153605373476,
            "min": 0,
            "med": 0.093568,
            "max": 11292.601163
        },
        "http_req_waiting": {
            "max": 60703.866255,
            "p(95)": 15591.910995799986,
            "p(99)": 60000.88727946,
            "avg": 3459.192659742052,
            "min": 0,
            "med": 848.6263195
        },
        "http_req_failed": {
            "fails": 260640,
            "passes": 1215912,
            "value": 0.8234806495131902
        },
        "http_req_duration{expected_response:true}": {
            "med": 897.3842010000001,
            "max": 60195.520561,
            "p(95)": 23011.346103949996,
            "p(99)": 45146.16428183989,
            "avg": 5973.910278891824,
            "min": 2.646436
        },
        "http_reqs": {
            "count": 1476552,
            "rate": 5468.155754377647
        },
        "vus_max": {
            "max": 29601,
            "value": 29601,
            "min": 10000
        },
        "http_req_connecting": {
            "avg": 322.1439267420782,
            "min": 0,
            "med": 4.592863,
            "max": 19675.951588,
            "p(95)": 2072.759865,
            "p(99)": 3271.19741603
        },
        "checks": {
            "passes": 260640,
            "fails": 1215912,
            "value": 0.1765193504868098
        },
        "http_req_tls_handshaking": {
            "p(99)": 0,
            "avg": 0,
            "min": 0,
            "med": 0,
            "max": 0,
            "p(95)": 0
        },
        "http_req_receiving": {
            "min": 0,
            "med": 0,
            "max": 377.58706,
            "p(95)": 2.825367499999997,
            "p(99)": 13.231575989999993,
            "avg": 0.6356961316187915
        }
    }
}