{
    "metrics": {
        "http_req_receiving": {
            "med": 0.035828,
            "max": 745.450535,
            "p(95)": 1.481193,
            "p(99)": 32.96931525999983,
            "avg": 1.775228288646304,
            "min": 0
        },
        "data_sent": {
            "count": 193267815,
            "rate": 799045.6418003608
        },
        "data_received": {
            "count": 32421244401,
            "rate": 134042256.54625112
        },
        "http_req_blocked": {
            "p(99)": 0.082928,
            "avg": 0.03394746300230616,
            "min": 0,
            "med": 0.002605,
            "max": 461.784276,
            "p(95)": 0.004669
        },
        "checks": {
            "passes": 2273739,
            "fails": 173359,
            "value": 0.9291573120488023
        },
        "iterations": {
            "count": 2447098,
            "rate": 10117.271683122093
        },
        "http_req_duration": {
            "max": 3461.115819,
            "p(95)": 2751.1636626,
            "p(99)": 2866.868861209999,
            "avg": 1480.3265827324597,
            "min": 0,
            "med": 1842.9876435
        },
        "http_req_duration{expected_response:true}": {
            "med": 2089.893597,
            "max": 3461.115819,
            "p(95)": 2756.9224132,
            "p(99)": 2871.012232,
            "avg": 1593.1926311469506,
            "min": 0.937911
        },
        "http_req_failed": {
            "passes": 173359,
            "fails": 2273739,
            "value": 0.0708426879511977
        },
        "iteration_duration": {
            "p(99)": 3264.320144219995,
            "avg": 1559.5263599388068,
            "min": 0.978088,
            "med": 1918.5605595,
            "max": 4205.333042,
            "p(95)": 2937.1884809
        },
        "dropped_iterations": {
            "count": 719916,
            "rate": 2976.417683732537
        },
        "http_req_tls_handshaking": {
            "p(99)": 0,
            "avg": 0,
            "min": 0,
            "med": 0,
            "max": 0,
            "p(95)": 0
        },
        "vus": {
            "max": 28800,
            "value": 1430,
            "min": 1
        },
        "http_reqs": {
            "count": 2447098,
            "rate": 10117.271683122093
        },
        "vus_max": {
            "value": 28839,
            "min": 10000,
            "max": 28839
        },
        "requests_issued": {
            "count": 2447098,
            "rate": 10117.271683122093
        },
        "http_req_waiting": {
            "avg": 1478.4664532519535,
            "min": 0,
            "med": 1842.3024725,
            "max": 3375.088008,
            "p(95)": 2747.8261528,
            "p(99)": 2861.5948447299997
        },
        "http_req_connecting": {
            "avg": 0.018574339497641715,
            "min": 0,
            "med": 0,
            "max": 80.710453,
            "p(95)": 0,
            "p(99)": 0.050175029999999794
        },
        "http_req_sending": {
            "p(95)": 0.02117,
            "p(99)": 0.3392351999999918,
            "avg": 0.08490119179780632,
            "min": 0,
            "med": 0.006162,
            "max": 548.47014
        }
    },
    "root_group": {
        "name": "",
        "path": "",
        "id": "d41d8cd98f00b204e9800998ecf8427e",
        "groups": {},
        "checks": {
                "status is 200": {
                    "passes": 2273739,
                    "fails": 173359,
                    "name": "status is 200",
                    "path": "::status is 200",
                    "id": "6210a8cd14cd70477eba5c5e4cb3fb5f"
                }
            }
    }
}